id,title,description,dateStart,date_end,is_online,location,maxCapacity,organizer_id,total_reservations,title_length,description_length,day_of_week,month,hour,target
1,Event Title 1,Description of event number 1,2026-10-06 20:00:00,2026-10-06 23:00:00,1,Sfax,178,20,140,41,121,1,10,20,2
2,Event Title 2,Description of event number 2,2026-05-24 08:00:00,2026-05-24 10:00:00,1,Sfax,29,25,27,38,112,6,5,8,2
3,Event Title 3,Description of event number 3,2026-05-17 18:00:00,2026-05-17 21:00:00,1,Sfax,143,5,66,50,50,6,5,18,1
4,Event Title 4,Description of event number 4,2026-07-11 10:00:00,2026-07-11 11:00:00,1,Sfax,79,27,34,21,54,5,7,10,1
5,Event Title 5,Description of event number 5,2026-06-10 16:00:00,2026-06-10 18:00:00,0,Online,119,41,71,37,85,2,6,16,1
6,Event Title 6,Description of event number 6,2026-10-18 17:00:00,2026-10-18 19:00:00,1,Bizerte,157,15,60,47,120,6,10,17,0
7,Event Title 7,Description of event number 7,2026-11-15 13:00:00,2026-11-15 14:00:00,1,Sfax,58,25,30,48,110,6,11,13,1
8,Event Title 8,Description of event number 8,2026-08-17 20:00:00,2026-08-17 21:00:00,1,Bizerte,63,1,52,37,228,0,8,20,2
9,Event Title 9,Description of event number 9,2026-07-22 09:00:00,2026-07-22 11:00:00,0,Sfax,84,36,21,28,147,2,7,9,0
10,Event Title 10,Description of event number 10,2026-12-18 10:00:00,2026-12-18 13:00:00,1,Bizerte,140,4,121,28,62,4,12,10,2
11,Event Title 11,Description of event number 11,2026-07-11 16:00:00,2026-07-11 20:00:00,1,Sfax,177,2,43,22,214,5,7,16,0
12,Event Title 12,Description of event number 12,2026-09-03 08:00:00,2026-09-03 10:00:00,1,Bizerte,153,1,134,49,148,3,9,8,2
13,Event Title 13,Description of event number 13,2026-06-10 12:00:00,2026-06-10 13:00:00,1,Sfax,111,24,56,29,193,2,6,12,1
14,Event Title 14,Description of event number 14,2026-01-23 09:00:00,2026-01-23 13:00:00,1,Sousse,84,18,75,27,207,4,1,9,2
15,Event Title 15,Description of event number 15,2026-04-27 08:00:00,2026-04-27 09:00:00,0,Online,110,39,95,46,155,0,4,8,2
16,Event Title 16,Description of event number 16,2026-11-27 16:00:00,2026-11-27 17:00:00,1,Bizerte,142,2,34,36,174,4,11,16,0
17,Event Title 17,Description of event number 17,2026-02-18 20:00:00,2026-02-18 23:00:00,0,Sfax,78,48,46,26,265,2,2,20,1
18,Event Title 18,Description of event number 18,2026-08-22 16:00:00,2026-08-22 17:00:00,0,Online,123,21,91,18,91,5,8,16,2
19,Event Title 19,Description of event number 19,2026-03-23 12:00:00,2026-03-23 16:00:00,1,Sousse,70,34,14,29,82,0,3,12,0
20,Event Title 20,Description of event number 20,2026-08-03 18:00:00,2026-08-03 19:00:00,0,Bizerte,172,17,113,11,114,0,8,18,1
21,Event Title 21,Description of event number 21,2026-08-07 13:00:00,2026-08-07 17:00:00,0,Tunis,44,37,34,20,218,4,8,13,2
22,Event Title 22,Description of event number 22,2026-11-18 12:00:00,2026-11-18 14:00:00,1,Tunis,28,39,25,15,232,2,11,12,2
23,Event Title 23,Description of event number 23,2026-06-20 15:00:00,2026-06-20 18:00:00,1,Sfax,85,15,27,48,300,5,6,15,0
24,Event Title 24,Description of event number 24,2026-01-03 08:00:00,2026-01-03 12:00:00,0,Sfax,141,16,87,46,265,5,1,8,1
25,Event Title 25,Description of event number 25,2026-05-24 09:00:00,2026-05-24 11:00:00,1,Sfax,136,39,114,26,68,6,5,9,2
26,Event Title 26,Description of event number 26,2026-12-15 13:00:00,2026-12-15 16:00:00,0,Sfax,138,26,83,22,274,1,12,13,1
27,Event Title 27,Description of event number 27,2026-02-25 19:00:00,2026-02-25 20:00:00,1,Sfax,43,16,41,14,141,2,2,19,2
28,Event Title 28,Description of event number 28,2026-05-09 14:00:00,2026-05-09 17:00:00,0,Bizerte,32,45,30,42,229,5,5,14,2
29,Event Title 29,Description of event number 29,2026-11-11 20:00:00,2026-11-12 00:00:00,0,Sousse,30,3,25,40,215,2,11,20,2
30,Event Title 30,Description of event number 30,2026-03-07 14:00:00,2026-03-07 16:00:00,1,Sousse,148,29,126,22,202,5,3,14,2
31,Event Title 31,Description of event number 31,2026-06-23 12:00:00,2026-06-23 15:00:00,0,Sfax,101,45,71,44,245,1,6,12,2
32,Event Title 32,Description of event number 32,2026-12-11 13:00:00,2026-12-11 15:00:00,0,Sousse,99,28,53,31,86,4,12,13,1
33,Event Title 33,Description of event number 33,2026-05-03 20:00:00,2026-05-03 22:00:00,1,Bizerte,56,5,42,37,150,6,5,20,2
34,Event Title 34,Description of event number 34,2026-10-23 16:00:00,2026-10-23 19:00:00,1,Sfax,78,11,39,25,299,4,10,16,1
35,Event Title 35,Description of event number 35,2026-12-16 09:00:00,2026-12-16 12:00:00,0,Online,174,24,93,34,74,2,12,9,1
36,Event Title 36,Description of event number 36,2026-10-05 13:00:00,2026-10-05 15:00:00,0,Tunis,21,18,15,10,152,0,10,13,2
37,Event Title 37,Description of event number 37,2026-01-26 18:00:00,2026-01-26 20:00:00,0,Tunis,197,31,185,32,213,0,1,18,2
38,Event Title 38,Description of event number 38,2026-04-28 12:00:00,2026-04-28 14:00:00,1,Tunis,60,14,24,13,143,1,4,12,1
39,Event Title 39,Description of event number 39,2026-06-02 12:00:00,2026-06-02 13:00:00,1,Sousse,159,41,46,11,170,1,6,12,0
40,Event Title 40,Description of event number 40,2026-12-02 20:00:00,2026-12-02 22:00:00,1,Bizerte,87,15,86,46,215,2,12,20,2
41,Event Title 41,Description of event number 41,2026-04-15 14:00:00,2026-04-15 16:00:00,1,Sfax,191,44,108,35,294,2,4,14,1
42,Event Title 42,Description of event number 42,2026-02-11 15:00:00,2026-02-11 19:00:00,1,Tunis,182,41,110,14,264,2,2,15,1
43,Event Title 43,Description of event number 43,2026-09-12 19:00:00,2026-09-12 23:00:00,1,Sfax,170,33,100,30,198,5,9,19,1
44,Event Title 44,Description of event number 44,2026-07-12 11:00:00,2026-07-12 15:00:00,0,Sousse,50,44,41,33,269,6,7,11,2
45,Event Title 45,Description of event number 45,2026-11-23 11:00:00,2026-11-23 13:00:00,1,Tunis,22,32,5,28,171,0,11,11,0
46,Event Title 46,Description of event number 46,2026-01-03 12:00:00,2026-01-03 14:00:00,1,Online,119,14,110,41,264,5,1,12,2
47,Event Title 47,Description of event number 47,2026-06-19 15:00:00,2026-06-19 16:00:00,0,Sousse,171,17,102,32,174,4,6,15,1
48,Event Title 48,Description of event number 48,2026-12-12 20:00:00,2026-12-13 00:00:00,0,Bizerte,134,21,36,35,78,5,12,20,0
49,Event Title 49,Description of event number 49,2026-12-16 12:00:00,2026-12-16 13:00:00,0,Bizerte,100,44,63,32,133,2,12,12,1
50,Event Title 50,Description of event number 50,2026-04-01 14:00:00,2026-04-01 17:00:00,0,Tunis,180,17,134,45,233,2,4,14,2
51,Event Title 51,Description of event number 51,2026-11-17 18:00:00,2026-11-17 21:00:00,1,Tunis,152,3,124,19,206,1,11,18,2
52,Event Title 52,Description of event number 52,2026-11-11 15:00:00,2026-11-11 17:00:00,0,Online,142,34,70,33,202,2,11,15,1
53,Event Title 53,Description of event number 53,2026-05-13 08:00:00,2026-05-13 12:00:00,0,Tunis,69,33,14,29,231,2,5,8,0
54,Event Title 54,Description of event number 54,2026-08-09 09:00:00,2026-08-09 11:00:00,1,Sousse,141,42,54,25,77,6,8,9,0
55,Event Title 55,Description of event number 55,2026-01-19 11:00:00,2026-01-19 12:00:00,0,Sousse,173,3,81,32,149,0,1,11,1
56,Event Title 56,Description of event number 56,2026-07-09 12:00:00,2026-07-09 16:00:00,0,Tunis,74,43,30,46,132,3,7,12,1
57,Event Title 57,Description of event number 57,2026-10-08 08:00:00,2026-10-08 11:00:00,1,Sfax,149,44,84,47,284,3,10,8,1
58,Event Title 58,Description of event number 58,2026-08-12 12:00:00,2026-08-12 16:00:00,0,Sousse,141,29,66,10,208,2,8,12,1
59,Event Title 59,Description of event number 59,2026-11-15 16:00:00,2026-11-15 20:00:00,1,Sfax,92,2,48,22,75,6,11,16,1
60,Event Title 60,Description of event number 60,2026-08-27 09:00:00,2026-08-27 10:00:00,1,Sousse,65,40,37,23,114,3,8,9,1
61,Event Title 61,Description of event number 61,2026-09-13 09:00:00,2026-09-13 11:00:00,1,Online,157,2,142,27,124,6,9,9,2
62,Event Title 62,Description of event number 62,2026-10-08 17:00:00,2026-10-08 20:00:00,0,Bizerte,49,32,9,21,100,3,10,17,0
63,Event Title 63,Description of event number 63,2026-09-01 19:00:00,2026-09-01 22:00:00,0,Bizerte,86,16,69,30,203,1,9,19,2
64,Event Title 64,Description of event number 64,2026-02-28 11:00:00,2026-02-28 13:00:00,1,Bizerte,200,14,123,39,282,5,2,11,1
65,Event Title 65,Description of event number 65,2026-11-27 17:00:00,2026-11-27 19:00:00,1,Sfax,149,43,46,37,91,4,11,17,0
66,Event Title 66,Description of event number 66,2026-03-16 11:00:00,2026-03-16 14:00:00,1,Online,91,4,27,33,87,0,3,11,0
67,Event Title 67,Description of event number 67,2026-07-15 15:00:00,2026-07-15 17:00:00,0,Tunis,64,11,27,47,272,2,7,15,1
68,Event Title 68,Description of event number 68,2026-08-08 12:00:00,2026-08-08 16:00:00,1,Bizerte,51,10,40,33,192,5,8,12,2
69,Event Title 69,Description of event number 69,2026-12-22 13:00:00,2026-12-22 16:00:00,1,Online,55,45,34,39,277,1,12,13,1
70,Event Title 70,Description of event number 70,2026-01-28 16:00:00,2026-01-28 18:00:00,0,Bizerte,54,6,13,48,60,2,1,16,0
71,Event Title 71,Description of event number 71,2026-02-08 14:00:00,2026-02-08 16:00:00,1,Bizerte,68,5,50,34,77,6,2,14,2
72,Event Title 72,Description of event number 72,2026-10-13 16:00:00,2026-10-13 19:00:00,0,Sousse,185,21,62,10,267,1,10,16,0
73,Event Title 73,Description of event number 73,2026-07-19 11:00:00,2026-07-19 15:00:00,1,Online,153,20,130,15,216,6,7,11,2
74,Event Title 74,Description of event number 74,2026-10-28 14:00:00,2026-10-28 15:00:00,1,Sousse,160,37,105,25,76,2,10,14,1
75,Event Title 75,Description of event number 75,2026-05-04 19:00:00,2026-05-04 21:00:00,0,Online,79,8,39,19,80,0,5,19,1
76,Event Title 76,Description of event number 76,2026-05-01 14:00:00,2026-05-01 15:00:00,1,Online,181,35,87,27,190,4,5,14,1
77,Event Title 77,Description of event number 77,2026-12-12 14:00:00,2026-12-12 17:00:00,1,Bizerte,194,36,151,48,80,5,12,14,2
78,Event Title 78,Description of event number 78,2026-06-03 18:00:00,2026-06-03 21:00:00,1,Sousse,28,13,15,21,130,2,6,18,1
79,Event Title 79,Description of event number 79,2026-02-21 11:00:00,2026-02-21 15:00:00,0,Sousse,54,43,47,38,89,5,2,11,2
80,Event Title 80,Description of event number 80,2026-06-24 19:00:00,2026-06-24 20:00:00,1,Online,103,9,86,25,224,2,6,19,2
81,Event Title 81,Description of event number 81,2026-07-22 18:00:00,2026-07-22 21:00:00,1,Online,97,22,79,17,220,2,7,18,2
82,Event Title 82,Description of event number 82,2026-04-13 16:00:00,2026-04-13 20:00:00,1,Sfax,28,33,5,23,190,0,4,16,0
83,Event Title 83,Description of event number 83,2026-04-22 18:00:00,2026-04-22 21:00:00,1,Sfax,188,12,54,29,297,2,4,18,0
84,Event Title 84,Description of event number 84,2026-08-03 17:00:00,2026-08-03 18:00:00,0,Online,89,14,47,13,110,0,8,17,1
85,Event Title 85,Description of event number 85,2026-07-12 13:00:00,2026-07-12 17:00:00,0,Online,85,37,24,23,85,6,7,13,0
86,Event Title 86,Description of event number 86,2026-09-20 11:00:00,2026-09-20 12:00:00,1,Sfax,71,4,32,28,263,6,9,11,1
87,Event Title 87,Description of event number 87,2026-09-25 12:00:00,2026-09-25 13:00:00,1,Online,66,19,34,10,273,4,9,12,1
88,Event Title 88,Description of event number 88,2026-02-19 10:00:00,2026-02-19 14:00:00,0,Bizerte,164,36,104,48,66,3,2,10,1
89,Event Title 89,Description of event number 89,2026-12-06 11:00:00,2026-12-06 15:00:00,0,Tunis,190,6,162,46,143,6,12,11,2
90,Event Title 90,Description of event number 90,2026-09-25 12:00:00,2026-09-25 13:00:00,1,Sousse,124,15,45,27,253,4,9,12,0
91,Event Title 91,Description of event number 91,2026-04-03 12:00:00,2026-04-03 15:00:00,1,Sousse,160,18,110,48,291,4,4,12,1
92,Event Title 92,Description of event number 92,2026-02-08 09:00:00,2026-02-08 12:00:00,0,Sousse,106,37,76,41,79,6,2,9,2
93,Event Title 93,Description of event number 93,2026-09-08 12:00:00,2026-09-08 16:00:00,1,Online,167,25,40,16,195,1,9,12,0
94,Event Title 94,Description of event number 94,2026-12-10 17:00:00,2026-12-10 19:00:00,0,Sfax,152,40,39,21,238,3,12,17,0
95,Event Title 95,Description of event number 95,2026-01-01 14:00:00,2026-01-01 15:00:00,0,Bizerte,174,3,81,30,164,3,1,14,1
96,Event Title 96,Description of event number 96,2026-01-18 17:00:00,2026-01-18 20:00:00,0,Sousse,68,13,30,40,140,6,1,17,1
97,Event Title 97,Description of event number 97,2026-07-20 16:00:00,2026-07-20 17:00:00,0,Sousse,100,8,52,27,267,0,7,16,1
98,Event Title 98,Description of event number 98,2026-08-10 16:00:00,2026-08-10 20:00:00,1,Tunis,44,4,34,15,296,0,8,16,2
99,Event Title 99,Description of event number 99,2026-11-05 17:00:00,2026-11-05 21:00:00,1,Tunis,161,43,115,12,123,3,11,17,2
100,Event Title 100,Description of event number 100,2026-02-17 16:00:00,2026-02-17 20:00:00,0,Bizerte,196,30,99,33,214,1,2,16,1
101,Event Title 101,Description of event number 101,2026-05-11 09:00:00,2026-05-11 13:00:00,1,Tunis,39,24,27,44,80,0,5,9,1
102,Event Title 102,Description of event number 102,2026-04-08 12:00:00,2026-04-08 14:00:00,0,Bizerte,113,22,24,19,290,2,4,12,0
103,Event Title 103,Description of event number 103,2026-06-08 12:00:00,2026-06-08 16:00:00,1,Sousse,198,10,49,39,101,0,6,12,0
104,Event Title 104,Description of event number 104,2026-09-25 08:00:00,2026-09-25 12:00:00,1,Online,42,31,38,26,269,4,9,8,2
105,Event Title 105,Description of event number 105,2026-09-22 08:00:00,2026-09-22 12:00:00,1,Sousse,92,39,19,16,140,1,9,8,0
106,Event Title 106,Description of event number 106,2026-03-22 18:00:00,2026-03-22 20:00:00,0,Bizerte,180,47,95,18,68,6,3,18,1
107,Event Title 107,Description of event number 107,2026-07-23 18:00:00,2026-07-23 21:00:00,0,Sfax,85,11,58,48,115,3,7,18,1
108,Event Title 108,Description of event number 108,2026-09-18 15:00:00,2026-09-18 16:00:00,0,Tunis,20,50,10,50,258,4,9,15,1
109,Event Title 109,Description of event number 109,2026-10-11 14:00:00,2026-10-11 17:00:00,0,Bizerte,147,6,96,25,104,6,10,14,1
110,Event Title 110,Description of event number 110,2026-04-05 18:00:00,2026-04-05 20:00:00,1,Tunis,117,12,83,31,298,6,4,18,2
111,Event Title 111,Description of event number 111,2026-10-10 18:00:00,2026-10-10 21:00:00,0,Sousse,199,2,52,21,281,5,10,18,0
112,Event Title 112,Description of event number 112,2026-04-17 18:00:00,2026-04-17 19:00:00,0,Online,53,10,29,11,197,4,4,18,1
113,Event Title 113,Description of event number 113,2026-03-12 20:00:00,2026-03-12 21:00:00,1,Sfax,152,3,129,18,69,3,3,20,2
114,Event Title 114,Description of event number 114,2026-10-20 12:00:00,2026-10-20 14:00:00,0,Bizerte,99,36,35,28,51,1,10,12,0
115,Event Title 115,Description of event number 115,2026-07-22 15:00:00,2026-07-22 17:00:00,0,Online,33,2,22,48,222,2,7,15,1
116,Event Title 116,Description of event number 116,2026-02-24 09:00:00,2026-02-24 13:00:00,1,Tunis,190,46,76,22,211,1,2,9,1
117,Event Title 117,Description of event number 117,2026-01-02 12:00:00,2026-01-02 14:00:00,1,Bizerte,32,10,16,40,256,4,1,12,1
118,Event Title 118,Description of event number 118,2026-08-24 20:00:00,2026-08-25 00:00:00,0,Online,131,43,75,29,215,0,8,20,1
119,Event Title 119,Description of event number 119,2026-10-04 14:00:00,2026-10-04 15:00:00,0,Online,175,13,60,47,51,6,10,14,0
120,Event Title 120,Description of event number 120,2026-09-23 11:00:00,2026-09-23 15:00:00,0,Sousse,165,49,141,36,279,2,9,11,2
121,Event Title 121,Description of event number 121,2026-04-11 19:00:00,2026-04-11 21:00:00,1,Tunis,182,33,147,30,123,5,4,19,2
122,Event Title 122,Description of event number 122,2026-06-06 18:00:00,2026-06-06 22:00:00,1,Bizerte,106,13,37,34,151,5,6,18,0
123,Event Title 123,Description of event number 123,2026-11-20 15:00:00,2026-11-20 17:00:00,1,Sousse,50,34,45,29,276,4,11,15,2
124,Event Title 124,Description of event number 124,2026-12-07 19:00:00,2026-12-07 20:00:00,1,Bizerte,95,38,38,17,173,0,12,19,1
125,Event Title 125,Description of event number 125,2026-09-11 18:00:00,2026-09-11 22:00:00,0,Tunis,29,3,28,23,150,4,9,18,2
126,Event Title 126,Description of event number 126,2026-09-04 16:00:00,2026-09-04 19:00:00,0,Bizerte,32,47,1,48,120,4,9,16,0
127,Event Title 127,Description of event number 127,2026-11-15 10:00:00,2026-11-15 11:00:00,0,Tunis,186,11,129,27,166,6,11,10,1
128,Event Title 128,Description of event number 128,2026-11-03 14:00:00,2026-11-03 16:00:00,1,Online,168,26,82,20,295,1,11,14,1
129,Event Title 129,Description of event number 129,2026-02-09 16:00:00,2026-02-09 17:00:00,1,Sousse,59,1,47,21,92,0,2,16,2
130,Event Title 130,Description of event number 130,2026-03-20 17:00:00,2026-03-20 19:00:00,1,Tunis,172,46,155,43,205,4,3,17,2
131,Event Title 131,Description of event number 131,2026-07-11 08:00:00,2026-07-11 10:00:00,0,Online,47,36,21,13,96,5,7,8,1
132,Event Title 132,Description of event number 132,2026-01-17 16:00:00,2026-01-17 17:00:00,0,Sousse,91,19,85,38,89,5,1,16,2
133,Event Title 133,Description of event number 133,2026-09-09 16:00:00,2026-09-09 17:00:00,0,Sfax,135,16,102,19,102,2,9,16,2
134,Event Title 134,Description of event number 134,2026-04-25 12:00:00,2026-04-25 16:00:00,0,Online,158,50,122,24,130,5,4,12,2
135,Event Title 135,Description of event number 135,2026-11-27 09:00:00,2026-11-27 13:00:00,0,Sfax,57,39,52,23,83,4,11,9,2
136,Event Title 136,Description of event number 136,2026-10-03 09:00:00,2026-10-03 12:00:00,1,Online,181,18,81,44,281,5,10,9,1
137,Event Title 137,Description of event number 137,2026-01-20 20:00:00,2026-01-20 22:00:00,0,Online,110,50,45,45,119,1,1,20,1
138,Event Title 138,Description of event number 138,2026-07-17 09:00:00,2026-07-17 12:00:00,1,Sfax,23,34,4,23,133,4,7,9,0
139,Event Title 139,Description of event number 139,2026-01-15 12:00:00,2026-01-15 16:00:00,1,Tunis,73,36,19,23,92,3,1,12,0
140,Event Title 140,Description of event number 140,2026-01-08 17:00:00,2026-01-08 20:00:00,1,Bizerte,24,43,17,33,108,3,1,17,2
141,Event Title 141,Description of event number 141,2026-03-07 14:00:00,2026-03-07 16:00:00,1,Sousse,36,36,17,49,138,5,3,14,1
142,Event Title 142,Description of event number 142,2026-06-12 15:00:00,2026-06-12 18:00:00,1,Sousse,96,8,48,28,83,4,6,15,1
143,Event Title 143,Description of event number 143,2026-01-14 12:00:00,2026-01-14 14:00:00,1,Bizerte,43,33,33,36,264,2,1,12,2
144,Event Title 144,Description of event number 144,2026-08-01 08:00:00,2026-08-01 09:00:00,0,Online,179,30,131,42,119,5,8,8,2
145,Event Title 145,Description of event number 145,2026-07-03 09:00:00,2026-07-03 10:00:00,1,Bizerte,132,26,49,32,208,4,7,9,0
146,Event Title 146,Description of event number 146,2026-01-01 20:00:00,2026-01-01 21:00:00,1,Sfax,89,3,79,32,256,3,1,20,2
147,Event Title 147,Description of event number 147,2026-03-05 18:00:00,2026-03-05 21:00:00,1,Online,182,7,121,29,94,3,3,18,1
148,Event Title 148,Description of event number 148,2026-03-19 20:00:00,2026-03-19 23:00:00,0,Sfax,192,33,111,10,78,3,3,20,1
149,Event Title 149,Description of event number 149,2026-04-09 12:00:00,2026-04-09 14:00:00,1,Bizerte,79,15,73,47,123,3,4,12,2
150,Event Title 150,Description of event number 150,2026-05-26 10:00:00,2026-05-26 11:00:00,0,Bizerte,120,34,40,32,123,1,5,10,0
151,Event Title 151,Description of event number 151,2026-09-06 19:00:00,2026-09-06 22:00:00,0,Bizerte,90,50,32,42,66,6,9,19,0
152,Event Title 152,Description of event number 152,2026-07-21 11:00:00,2026-07-21 13:00:00,0,Sousse,195,4,128,10,107,1,7,11,1
153,Event Title 153,Description of event number 153,2026-10-14 12:00:00,2026-10-14 14:00:00,1,Sousse,82,8,58,16,139,2,10,12,2
154,Event Title 154,Description of event number 154,2026-11-13 18:00:00,2026-11-13 20:00:00,1,Tunis,71,49,70,49,216,4,11,18,2
155,Event Title 155,Description of event number 155,2026-10-08 09:00:00,2026-10-08 13:00:00,0,Sousse,47,3,8,31,56,3,10,9,0
156,Event Title 156,Description of event number 156,2026-09-19 19:00:00,2026-09-19 21:00:00,1,Sfax,33,10,26,36,199,5,9,19,2
157,Event Title 157,Description of event number 157,2026-05-26 11:00:00,2026-05-26 12:00:00,0,Sfax,174,47,89,24,184,1,5,11,1
158,Event Title 158,Description of event number 158,2026-09-28 12:00:00,2026-09-28 15:00:00,0,Sfax,199,44,98,39,286,0,9,12,1
159,Event Title 159,Description of event number 159,2026-01-28 18:00:00,2026-01-28 20:00:00,0,Bizerte,196,12,169,48,213,2,1,18,2
160,Event Title 160,Description of event number 160,2026-05-12 11:00:00,2026-05-12 14:00:00,1,Sfax,41,37,36,31,125,1,5,11,2
161,Event Title 161,Description of event number 161,2026-12-27 10:00:00,2026-12-27 12:00:00,1,Sousse,139,20,124,26,73,6,12,10,2
162,Event Title 162,Description of event number 162,2026-06-06 13:00:00,2026-06-06 15:00:00,1,Sousse,145,15,111,31,288,5,6,13,2
163,Event Title 163,Description of event number 163,2026-03-15 09:00:00,2026-03-15 10:00:00,1,Online,108,37,91,11,83,6,3,9,2
164,Event Title 164,Description of event number 164,2026-01-28 08:00:00,2026-01-28 10:00:00,0,Tunis,61,45,47,42,82,2,1,8,2
165,Event Title 165,Description of event number 165,2026-10-12 08:00:00,2026-10-12 11:00:00,0,Bizerte,198,48,70,49,227,0,10,8,0
166,Event Title 166,Description of event number 166,2026-05-24 16:00:00,2026-05-24 20:00:00,0,Online,131,45,91,26,107,6,5,16,1
167,Event Title 167,Description of event number 167,2026-10-19 12:00:00,2026-10-19 15:00:00,1,Tunis,191,46,86,37,51,0,10,12,1
168,Event Title 168,Description of event number 168,2026-10-21 19:00:00,2026-10-21 21:00:00,1,Sfax,49,13,36,17,218,2,10,19,2
169,Event Title 169,Description of event number 169,2026-02-12 17:00:00,2026-02-12 20:00:00,0,Sousse,78,17,43,46,144,3,2,17,1
170,Event Title 170,Description of event number 170,2026-10-02 10:00:00,2026-10-02 14:00:00,1,Bizerte,122,29,28,37,111,4,10,10,0
171,Event Title 171,Description of event number 171,2026-04-06 13:00:00,2026-04-06 14:00:00,0,Bizerte,95,19,22,34,144,0,4,13,0
172,Event Title 172,Description of event number 172,2026-09-05 11:00:00,2026-09-05 12:00:00,0,Sfax,154,40,141,13,121,5,9,11,2
173,Event Title 173,Description of event number 173,2026-05-24 11:00:00,2026-05-24 15:00:00,1,Tunis,56,19,26,25,202,6,5,11,1
174,Event Title 174,Description of event number 174,2026-09-16 17:00:00,2026-09-16 19:00:00,1,Sousse,113,32,49,32,272,2,9,17,1
175,Event Title 175,Description of event number 175,2026-06-11 20:00:00,2026-06-11 23:00:00,1,Online,120,49,109,46,81,3,6,20,2
176,Event Title 176,Description of event number 176,2026-12-20 09:00:00,2026-12-20 11:00:00,1,Sfax,172,49,77,18,102,6,12,9,1
177,Event Title 177,Description of event number 177,2026-07-24 18:00:00,2026-07-24 22:00:00,0,Bizerte,40,13,12,40,182,4,7,18,0
178,Event Title 178,Description of event number 178,2026-07-16 10:00:00,2026-07-16 13:00:00,0,Bizerte,28,29,27,18,112,3,7,10,2
179,Event Title 179,Description of event number 179,2026-12-17 16:00:00,2026-12-17 18:00:00,0,Sousse,87,30,52,11,245,3,12,16,1
180,Event Title 180,Description of event number 180,2026-10-16 20:00:00,2026-10-16 23:00:00,1,Online,193,8,104,49,285,4,10,20,1
181,Event Title 181,Description of event number 181,2026-08-04 10:00:00,2026-08-04 13:00:00,1,Bizerte,157,13,91,19,106,1,8,10,1
182,Event Title 182,Description of event number 182,2026-01-15 13:00:00,2026-01-15 15:00:00,0,Sousse,25,9,7,36,188,3,1,13,0
183,Event Title 183,Description of event number 183,2026-11-20 08:00:00,2026-11-20 10:00:00,1,Tunis,117,35,43,45,223,4,11,8,0
184,Event Title 184,Description of event number 184,2026-12-15 20:00:00,2026-12-16 00:00:00,0,Online,112,4,27,43,257,1,12,20,0
185,Event Title 185,Description of event number 185,2026-04-21 16:00:00,2026-04-21 18:00:00,0,Bizerte,129,11,28,17,230,1,4,16,0
186,Event Title 186,Description of event number 186,2026-02-25 09:00:00,2026-02-25 11:00:00,0,Sfax,193,29,58,43,186,2,2,9,0
187,Event Title 187,Description of event number 187,2026-10-02 18:00:00,2026-10-02 19:00:00,1,Sfax,70,33,50,22,102,4,10,18,2
188,Event Title 188,Description of event number 188,2026-06-20 18:00:00,2026-06-20 20:00:00,0,Sousse,174,38,144,49,141,5,6,18,2
189,Event Title 189,Description of event number 189,2026-10-03 12:00:00,2026-10-03 14:00:00,0,Sfax,108,48,95,36,124,5,10,12,2
190,Event Title 190,Description of event number 190,2026-04-02 17:00:00,2026-04-02 21:00:00,0,Tunis,171,47,103,50,200,3,4,17,1
191,Event Title 191,Description of event number 191,2026-06-17 09:00:00,2026-06-17 13:00:00,1,Sfax,188,22,89,48,188,2,6,9,1
192,Event Title 192,Description of event number 192,2026-04-16 12:00:00,2026-04-16 16:00:00,0,Tunis,38,44,6,48,67,3,4,12,0
193,Event Title 193,Description of event number 193,2026-09-24 14:00:00,2026-09-24 16:00:00,0,Sfax,128,20,64,40,274,3,9,14,1
194,Event Title 194,Description of event number 194,2026-10-27 18:00:00,2026-10-27 21:00:00,0,Online,112,31,54,44,57,1,10,18,1
195,Event Title 195,Description of event number 195,2026-09-14 13:00:00,2026-09-14 16:00:00,1,Online,158,42,126,44,184,0,9,13,2
196,Event Title 196,Description of event number 196,2026-11-23 20:00:00,2026-11-24 00:00:00,1,Bizerte,96,32,84,40,124,0,11,20,2
197,Event Title 197,Description of event number 197,2026-11-02 08:00:00,2026-11-02 10:00:00,1,Tunis,157,49,47,21,168,0,11,8,0
198,Event Title 198,Description of event number 198,2026-06-22 08:00:00,2026-06-22 11:00:00,1,Sfax,175,27,88,25,266,0,6,8,1
199,Event Title 199,Description of event number 199,2026-12-21 17:00:00,2026-12-21 20:00:00,1,Sfax,59,50,26,23,88,0,12,17,1
200,Event Title 200,Description of event number 200,2026-05-17 17:00:00,2026-05-17 19:00:00,0,Bizerte,152,14,67,12,247,6,5,17,1
201,Event Title 201,Description of event number 201,2026-12-04 15:00:00,2026-12-04 18:00:00,0,Online,40,42,26,47,241,4,12,15,1
202,Event Title 202,Description of event number 202,2026-04-09 18:00:00,2026-04-09 22:00:00,0,Bizerte,93,38,61,36,209,3,4,18,1
203,Event Title 203,Description of event number 203,2026-07-24 09:00:00,2026-07-24 10:00:00,1,Sfax,155,44,58,26,221,4,7,9,0
204,Event Title 204,Description of event number 204,2026-09-04 15:00:00,2026-09-04 18:00:00,1,Sousse,168,10,103,16,119,4,9,15,1
205,Event Title 205,Description of event number 205,2026-05-26 15:00:00,2026-05-26 18:00:00,0,Bizerte,83,5,80,32,66,1,5,15,2
206,Event Title 206,Description of event number 206,2026-03-10 13:00:00,2026-03-10 16:00:00,0,Online,31,36,31,16,52,1,3,13,2
207,Event Title 207,Description of event number 207,2026-10-06 14:00:00,2026-10-06 18:00:00,1,Sousse,152,18,126,48,57,1,10,14,2
208,Event Title 208,Description of event number 208,2026-05-24 15:00:00,2026-05-24 19:00:00,1,Bizerte,104,16,29,40,157,6,5,15,0
209,Event Title 209,Description of event number 209,2026-10-06 18:00:00,2026-10-06 19:00:00,1,Sfax,33,21,9,11,280,1,10,18,0
210,Event Title 210,Description of event number 210,2026-10-14 10:00:00,2026-10-14 12:00:00,1,Online,31,44,5,44,111,2,10,10,0
211,Event Title 211,Description of event number 211,2026-08-28 18:00:00,2026-08-28 22:00:00,1,Sfax,195,45,183,11,212,4,8,18,2
212,Event Title 212,Description of event number 212,2026-07-27 11:00:00,2026-07-27 12:00:00,1,Sfax,158,25,124,39,101,0,7,11,2
213,Event Title 213,Description of event number 213,2026-06-16 11:00:00,2026-06-16 14:00:00,1,Sousse,179,5,67,14,165,1,6,11,0
214,Event Title 214,Description of event number 214,2026-08-19 18:00:00,2026-08-19 19:00:00,0,Bizerte,91,23,46,21,148,2,8,18,1
215,Event Title 215,Description of event number 215,2026-02-08 12:00:00,2026-02-08 14:00:00,1,Tunis,197,33,80,18,122,6,2,12,1
216,Event Title 216,Description of event number 216,2026-10-11 13:00:00,2026-10-11 17:00:00,1,Sousse,35,48,19,45,110,6,10,13,1
217,Event Title 217,Description of event number 217,2026-11-05 16:00:00,2026-11-05 17:00:00,0,Online,99,5,32,48,84,3,11,16,0
218,Event Title 218,Description of event number 218,2026-05-16 13:00:00,2026-05-16 15:00:00,1,Sfax,162,46,66,19,101,5,5,13,1
219,Event Title 219,Description of event number 219,2026-06-09 12:00:00,2026-06-09 15:00:00,1,Sfax,121,4,67,13,275,1,6,12,1
220,Event Title 220,Description of event number 220,2026-02-27 16:00:00,2026-02-27 20:00:00,0,Sfax,22,5,14,43,167,4,2,16,1
221,Event Title 221,Description of event number 221,2026-11-13 08:00:00,2026-11-13 10:00:00,0,Tunis,52,43,26,14,236,4,11,8,1
222,Event Title 222,Description of event number 222,2026-04-02 16:00:00,2026-04-02 19:00:00,1,Sousse,78,37,26,47,206,3,4,16,0
223,Event Title 223,Description of event number 223,2026-01-26 16:00:00,2026-01-26 17:00:00,0,Sousse,116,3,23,44,121,0,1,16,0
224,Event Title 224,Description of event number 224,2026-09-11 17:00:00,2026-09-11 20:00:00,0,Bizerte,153,50,35,17,182,4,9,17,0
225,Event Title 225,Description of event number 225,2026-11-05 11:00:00,2026-11-05 13:00:00,1,Sfax,35,33,1,31,225,3,11,11,0
226,Event Title 226,Description of event number 226,2026-03-25 18:00:00,2026-03-25 21:00:00,0,Sfax,162,17,140,37,148,2,3,18,2
227,Event Title 227,Description of event number 227,2026-03-15 13:00:00,2026-03-15 14:00:00,0,Bizerte,142,8,139,15,110,6,3,13,2
228,Event Title 228,Description of event number 228,2026-08-07 12:00:00,2026-08-07 15:00:00,1,Bizerte,55,18,25,28,229,4,8,12,1
229,Event Title 229,Description of event number 229,2026-07-14 19:00:00,2026-07-14 22:00:00,1,Sousse,54,31,25,44,101,1,7,19,1
230,Event Title 230,Description of event number 230,2026-02-02 13:00:00,2026-02-02 16:00:00,0,Sfax,22,45,4,19,177,0,2,13,0
231,Event Title 231,Description of event number 231,2026-03-14 09:00:00,2026-03-14 13:00:00,1,Sfax,92,6,24,12,221,5,3,9,0
232,Event Title 232,Description of event number 232,2026-07-05 16:00:00,2026-07-05 20:00:00,0,Sfax,77,22,57,11,95,6,7,16,2
233,Event Title 233,Description of event number 233,2026-04-10 11:00:00,2026-04-10 15:00:00,0,Online,138,14,27,28,167,4,4,11,0
234,Event Title 234,Description of event number 234,2026-08-13 16:00:00,2026-08-13 17:00:00,0,Sousse,98,13,56,28,276,3,8,16,1
235,Event Title 235,Description of event number 235,2026-06-14 19:00:00,2026-06-14 22:00:00,0,Online,187,25,179,29,98,6,6,19,2
236,Event Title 236,Description of event number 236,2026-03-04 14:00:00,2026-03-04 16:00:00,0,Sfax,197,28,50,29,241,2,3,14,0
237,Event Title 237,Description of event number 237,2026-01-03 18:00:00,2026-01-03 20:00:00,0,Online,89,35,78,29,147,5,1,18,2
238,Event Title 238,Description of event number 238,2026-12-16 11:00:00,2026-12-16 12:00:00,1,Sfax,37,18,34,11,189,2,12,11,2
239,Event Title 239,Description of event number 239,2026-09-08 09:00:00,2026-09-08 10:00:00,0,Sfax,83,39,17,41,261,1,9,9,0
240,Event Title 240,Description of event number 240,2026-09-19 12:00:00,2026-09-19 16:00:00,0,Sfax,173,47,66,42,176,5,9,12,0
241,Event Title 241,Description of event number 241,2026-05-20 12:00:00,2026-05-20 15:00:00,0,Bizerte,151,14,49,12,149,2,5,12,0
242,Event Title 242,Description of event number 242,2026-06-24 16:00:00,2026-06-24 17:00:00,0,Bizerte,117,30,108,45,132,2,6,16,2
243,Event Title 243,Description of event number 243,2026-05-13 15:00:00,2026-05-13 18:00:00,1,Sfax,73,19,58,33,278,2,5,15,2
244,Event Title 244,Description of event number 244,2026-04-25 14:00:00,2026-04-25 18:00:00,0,Bizerte,121,19,96,48,73,5,4,14,2
245,Event Title 245,Description of event number 245,2026-12-16 09:00:00,2026-12-16 10:00:00,1,Bizerte,168,2,50,48,251,2,12,9,0
246,Event Title 246,Description of event number 246,2026-10-03 16:00:00,2026-10-03 18:00:00,1,Bizerte,20,32,15,49,227,5,10,16,2
247,Event Title 247,Description of event number 247,2026-01-20 12:00:00,2026-01-20 13:00:00,1,Sfax,56,4,24,45,56,1,1,12,1
248,Event Title 248,Description of event number 248,2026-12-01 09:00:00,2026-12-01 12:00:00,0,Bizerte,118,16,53,32,205,1,12,9,1
249,Event Title 249,Description of event number 249,2026-09-13 13:00:00,2026-09-13 17:00:00,1,Bizerte,52,17,30,29,107,6,9,13,1
250,Event Title 250,Description of event number 250,2026-08-28 11:00:00,2026-08-28 14:00:00,1,Sfax,35,19,15,39,227,4,8,11,1
251,Event Title 251,Description of event number 251,2026-08-28 18:00:00,2026-08-28 21:00:00,1,Sousse,69,39,20,12,131,4,8,18,0
252,Event Title 252,Description of event number 252,2026-09-16 13:00:00,2026-09-16 15:00:00,1,Sfax,130,6,50,44,295,2,9,13,0
253,Event Title 253,Description of event number 253,2026-05-03 15:00:00,2026-05-03 17:00:00,0,Online,135,42,104,13,107,6,5,15,2
254,Event Title 254,Description of event number 254,2026-09-14 20:00:00,2026-09-14 21:00:00,0,Sfax,173,31,72,28,74,0,9,20,1
255,Event Title 255,Description of event number 255,2026-11-10 16:00:00,2026-11-10 20:00:00,1,Sousse,109,27,83,18,193,1,11,16,2
256,Event Title 256,Description of event number 256,2026-05-08 20:00:00,2026-05-08 23:00:00,0,Tunis,116,13,92,50,172,4,5,20,2
257,Event Title 257,Description of event number 257,2026-03-19 20:00:00,2026-03-19 22:00:00,1,Tunis,131,28,28,47,227,3,3,20,0
258,Event Title 258,Description of event number 258,2026-05-20 09:00:00,2026-05-20 11:00:00,1,Sousse,111,33,78,29,140,2,5,9,2
259,Event Title 259,Description of event number 259,2026-09-06 17:00:00,2026-09-06 18:00:00,0,Tunis,169,38,44,28,114,6,9,17,0
260,Event Title 260,Description of event number 260,2026-03-14 14:00:00,2026-03-14 15:00:00,0,Online,153,45,148,32,89,5,3,14,2
261,Event Title 261,Description of event number 261,2026-01-15 09:00:00,2026-01-15 11:00:00,1,Bizerte,191,48,127,10,107,3,1,9,1
262,Event Title 262,Description of event number 262,2026-07-14 11:00:00,2026-07-14 12:00:00,0,Tunis,59,45,42,24,86,1,7,11,2
263,Event Title 263,Description of event number 263,2026-03-21 18:00:00,2026-03-21 19:00:00,0,Bizerte,60,5,16,33,227,5,3,18,0
264,Event Title 264,Description of event number 264,2026-02-13 13:00:00,2026-02-13 15:00:00,1,Bizerte,104,30,68,42,216,4,2,13,1
265,Event Title 265,Description of event number 265,2026-07-12 12:00:00,2026-07-12 16:00:00,0,Sfax,52,33,29,48,143,6,7,12,1
266,Event Title 266,Description of event number 266,2026-02-26 08:00:00,2026-02-26 10:00:00,1,Sousse,60,39,28,19,64,3,2,8,1
267,Event Title 267,Description of event number 267,2026-08-24 13:00:00,2026-08-24 14:00:00,1,Sousse,63,41,50,20,130,0,8,13,2
268,Event Title 268,Description of event number 268,2026-04-02 16:00:00,2026-04-02 17:00:00,0,Tunis,167,17,35,20,166,3,4,16,0
269,Event Title 269,Description of event number 269,2026-05-19 09:00:00,2026-05-19 10:00:00,0,Online,171,45,67,43,289,1,5,9,0
270,Event Title 270,Description of event number 270,2026-10-22 11:00:00,2026-10-22 12:00:00,0,Online,88,32,60,16,66,3,10,11,1
271,Event Title 271,Description of event number 271,2026-12-19 11:00:00,2026-12-19 12:00:00,0,Online,168,21,147,14,207,5,12,11,2
272,Event Title 272,Description of event number 272,2026-03-23 20:00:00,2026-03-23 23:00:00,0,Sousse,199,3,129,35,219,0,3,20,1
273,Event Title 273,Description of event number 273,2026-04-01 12:00:00,2026-04-01 14:00:00,0,Sfax,185,41,76,14,144,2,4,12,1
274,Event Title 274,Description of event number 274,2026-03-03 08:00:00,2026-03-03 12:00:00,0,Online,118,11,40,11,204,1,3,8,0
275,Event Title 275,Description of event number 275,2026-02-23 08:00:00,2026-02-23 12:00:00,1,Sousse,107,33,67,24,122,0,2,8,1
276,Event Title 276,Description of event number 276,2026-07-08 20:00:00,2026-07-08 21:00:00,0,Sousse,122,42,47,34,62,2,7,20,0
277,Event Title 277,Description of event number 277,2026-04-14 19:00:00,2026-04-14 23:00:00,0,Sfax,171,29,90,47,131,1,4,19,1
278,Event Title 278,Description of event number 278,2026-01-09 14:00:00,2026-01-09 16:00:00,1,Sfax,113,34,48,21,228,4,1,14,1
279,Event Title 279,Description of event number 279,2026-05-26 12:00:00,2026-05-26 14:00:00,0,Online,133,4,109,46,235,1,5,12,2
280,Event Title 280,Description of event number 280,2026-12-27 11:00:00,2026-12-27 12:00:00,1,Bizerte,76,40,61,23,152,6,12,11,2
281,Event Title 281,Description of event number 281,2026-06-02 09:00:00,2026-06-02 11:00:00,1,Sfax,112,31,34,31,242,1,6,9,0
282,Event Title 282,Description of event number 282,2026-06-14 08:00:00,2026-06-14 12:00:00,1,Bizerte,172,14,69,13,84,6,6,8,1
283,Event Title 283,Description of event number 283,2026-07-04 09:00:00,2026-07-04 10:00:00,0,Sfax,47,8,10,12,247,5,7,9,0
284,Event Title 284,Description of event number 284,2026-05-12 17:00:00,2026-05-12 19:00:00,1,Sousse,192,45,44,14,165,1,5,17,0
285,Event Title 285,Description of event number 285,2026-05-23 17:00:00,2026-05-23 21:00:00,0,Online,33,14,19,32,277,5,5,17,1
286,Event Title 286,Description of event number 286,2026-03-23 10:00:00,2026-03-23 11:00:00,1,Sfax,68,34,18,11,256,0,3,10,0
287,Event Title 287,Description of event number 287,2026-02-10 17:00:00,2026-02-10 21:00:00,0,Tunis,44,44,29,37,239,1,2,17,1
288,Event Title 288,Description of event number 288,2026-09-04 15:00:00,2026-09-04 16:00:00,1,Tunis,36,29,25,20,214,4,9,15,1
289,Event Title 289,Description of event number 289,2026-11-23 10:00:00,2026-11-23 13:00:00,1,Online,194,48,43,46,120,0,11,10,0
290,Event Title 290,Description of event number 290,2026-08-22 19:00:00,2026-08-22 21:00:00,0,Online,198,16,77,13,151,5,8,19,0
291,Event Title 291,Description of event number 291,2026-09-01 18:00:00,2026-09-01 21:00:00,0,Sousse,142,8,52,23,268,1,9,18,0
292,Event Title 292,Description of event number 292,2026-12-14 20:00:00,2026-12-14 21:00:00,0,Sfax,68,32,53,33,101,0,12,20,2
293,Event Title 293,Description of event number 293,2026-12-21 11:00:00,2026-12-21 14:00:00,0,Sfax,99,5,78,10,182,0,12,11,2
294,Event Title 294,Description of event number 294,2026-09-15 12:00:00,2026-09-15 15:00:00,1,Bizerte,179,34,166,35,171,1,9,12,2
295,Event Title 295,Description of event number 295,2026-08-28 14:00:00,2026-08-28 18:00:00,1,Sousse,159,46,55,18,92,4,8,14,0
296,Event Title 296,Description of event number 296,2026-05-27 09:00:00,2026-05-27 10:00:00,1,Tunis,23,18,12,12,150,2,5,9,1
297,Event Title 297,Description of event number 297,2026-06-11 18:00:00,2026-06-11 20:00:00,0,Online,62,6,14,14,73,3,6,18,0
298,Event Title 298,Description of event number 298,2026-01-26 10:00:00,2026-01-26 14:00:00,1,Sfax,172,24,90,19,239,0,1,10,1
299,Event Title 299,Description of event number 299,2026-12-20 20:00:00,2026-12-20 21:00:00,0,Sousse,86,16,21,29,136,6,12,20,0
300,Event Title 300,Description of event number 300,2026-06-18 15:00:00,2026-06-18 19:00:00,1,Sousse,169,29,129,20,216,3,6,15,2
301,Event Title 301,Description of event number 301,2026-10-01 09:00:00,2026-10-01 12:00:00,1,Bizerte,45,4,37,37,188,3,10,9,2
302,Event Title 302,Description of event number 302,2026-07-02 10:00:00,2026-07-02 12:00:00,1,Sousse,76,22,27,32,226,3,7,10,0
303,Event Title 303,Description of event number 303,2026-01-10 09:00:00,2026-01-10 11:00:00,0,Sousse,74,45,53,30,297,5,1,9,2
304,Event Title 304,Description of event number 304,2026-04-20 10:00:00,2026-04-20 14:00:00,0,Sfax,76,48,29,25,114,0,4,10,0
305,Event Title 305,Description of event number 305,2026-09-05 10:00:00,2026-09-05 13:00:00,1,Bizerte,165,2,68,40,54,5,9,10,1
306,Event Title 306,Description of event number 306,2026-12-17 16:00:00,2026-12-17 20:00:00,0,Sousse,197,48,192,31,184,3,12,16,2
307,Event Title 307,Description of event number 307,2026-02-27 11:00:00,2026-02-27 13:00:00,0,Sousse,187,49,154,18,69,4,2,11,2
308,Event Title 308,Description of event number 308,2026-11-12 17:00:00,2026-11-12 19:00:00,1,Sfax,86,20,77,25,153,3,11,17,2
309,Event Title 309,Description of event number 309,2026-05-10 10:00:00,2026-05-10 11:00:00,1,Bizerte,200,22,152,36,219,6,5,10,2
310,Event Title 310,Description of event number 310,2026-02-15 08:00:00,2026-02-15 09:00:00,1,Sousse,114,45,30,47,206,6,2,8,0
311,Event Title 311,Description of event number 311,2026-05-24 17:00:00,2026-05-24 18:00:00,1,Online,169,18,167,38,97,6,5,17,2
312,Event Title 312,Description of event number 312,2026-04-05 08:00:00,2026-04-05 10:00:00,0,Bizerte,140,13,56,26,290,6,4,8,1
313,Event Title 313,Description of event number 313,2026-09-19 20:00:00,2026-09-19 21:00:00,0,Sousse,189,34,95,18,127,5,9,20,1
314,Event Title 314,Description of event number 314,2026-04-14 14:00:00,2026-04-14 18:00:00,1,Online,184,8,168,38,156,1,4,14,2
315,Event Title 315,Description of event number 315,2026-05-26 09:00:00,2026-05-26 11:00:00,1,Bizerte,106,6,37,11,175,1,5,9,0
316,Event Title 316,Description of event number 316,2026-10-05 19:00:00,2026-10-05 20:00:00,0,Bizerte,113,29,70,44,175,0,10,19,1
317,Event Title 317,Description of event number 317,2026-09-03 09:00:00,2026-09-03 11:00:00,1,Sousse,50,21,25,45,136,3,9,9,1
318,Event Title 318,Description of event number 318,2026-12-06 18:00:00,2026-12-06 21:00:00,0,Online,200,32,88,20,280,6,12,18,1
319,Event Title 319,Description of event number 319,2026-04-21 10:00:00,2026-04-21 12:00:00,1,Sfax,145,13,102,13,141,1,4,10,2
320,Event Title 320,Description of event number 320,2026-12-09 18:00:00,2026-12-09 22:00:00,1,Sousse,108,20,26,37,79,2,12,18,0
321,Event Title 321,Description of event number 321,2026-05-21 19:00:00,2026-05-21 22:00:00,0,Bizerte,62,31,31,23,91,3,5,19,1
322,Event Title 322,Description of event number 322,2026-06-05 12:00:00,2026-06-05 13:00:00,0,Bizerte,182,13,158,39,65,4,6,12,2
323,Event Title 323,Description of event number 323,2026-05-16 09:00:00,2026-05-16 10:00:00,0,Bizerte,101,41,32,33,276,5,5,9,0
324,Event Title 324,Description of event number 324,2026-09-06 20:00:00,2026-09-06 22:00:00,1,Sfax,169,19,66,11,88,6,9,20,0
325,Event Title 325,Description of event number 325,2026-11-10 19:00:00,2026-11-10 23:00:00,0,Tunis,62,44,55,10,58,1,11,19,2
326,Event Title 326,Description of event number 326,2026-01-24 11:00:00,2026-01-24 15:00:00,1,Tunis,151,32,102,47,232,5,1,11,1
327,Event Title 327,Description of event number 327,2026-10-01 15:00:00,2026-10-01 16:00:00,1,Bizerte,28,42,12,40,262,3,10,15,1
328,Event Title 328,Description of event number 328,2026-09-20 09:00:00,2026-09-20 12:00:00,0,Sfax,169,19,132,34,199,6,9,9,2
329,Event Title 329,Description of event number 329,2026-03-04 20:00:00,2026-03-04 21:00:00,0,Sousse,95,17,54,19,275,2,3,20,1
330,Event Title 330,Description of event number 330,2026-01-18 11:00:00,2026-01-18 13:00:00,1,Bizerte,100,20,58,45,272,6,1,11,1
331,Event Title 331,Description of event number 331,2026-12-03 18:00:00,2026-12-03 22:00:00,0,Sfax,195,44,176,49,125,3,12,18,2
332,Event Title 332,Description of event number 332,2026-04-03 14:00:00,2026-04-03 15:00:00,0,Sfax,133,6,41,45,280,4,4,14,0
333,Event Title 333,Description of event number 333,2026-01-19 10:00:00,2026-01-19 11:00:00,1,Online,169,9,50,23,246,0,1,10,0
334,Event Title 334,Description of event number 334,2026-03-05 17:00:00,2026-03-05 19:00:00,0,Sousse,127,39,124,31,170,3,3,17,2
335,Event Title 335,Description of event number 335,2026-11-17 11:00:00,2026-11-17 14:00:00,1,Bizerte,37,48,21,31,222,1,11,11,1
336,Event Title 336,Description of event number 336,2026-09-12 08:00:00,2026-09-12 09:00:00,0,Online,69,33,59,11,214,5,9,8,2
337,Event Title 337,Description of event number 337,2026-06-27 08:00:00,2026-06-27 11:00:00,0,Tunis,193,21,133,29,112,5,6,8,1
338,Event Title 338,Description of event number 338,2026-12-04 11:00:00,2026-12-04 15:00:00,1,Sousse,158,27,131,22,236,4,12,11,2
339,Event Title 339,Description of event number 339,2026-06-21 10:00:00,2026-06-21 14:00:00,0,Tunis,103,35,74,37,163,6,6,10,2
340,Event Title 340,Description of event number 340,2026-09-05 17:00:00,2026-09-05 20:00:00,1,Tunis,122,33,91,10,148,5,9,17,2
341,Event Title 341,Description of event number 341,2026-11-12 19:00:00,2026-11-12 23:00:00,0,Sousse,31,7,9,44,297,3,11,19,0
342,Event Title 342,Description of event number 342,2026-11-12 14:00:00,2026-11-12 16:00:00,0,Tunis,159,20,95,30,121,3,11,14,1
343,Event Title 343,Description of event number 343,2026-10-06 13:00:00,2026-10-06 14:00:00,1,Sfax,67,3,27,26,241,1,10,13,1
344,Event Title 344,Description of event number 344,2026-06-18 09:00:00,2026-06-18 10:00:00,1,Bizerte,133,36,58,44,93,3,6,9,1
345,Event Title 345,Description of event number 345,2026-04-10 13:00:00,2026-04-10 14:00:00,1,Sfax,178,11,54,49,91,4,4,13,0
346,Event Title 346,Description of event number 346,2026-11-06 17:00:00,2026-11-06 21:00:00,1,Online,176,22,114,35,75,4,11,17,1
347,Event Title 347,Description of event number 347,2026-04-06 20:00:00,2026-04-06 23:00:00,0,Tunis,190,32,90,22,227,0,4,20,1
348,Event Title 348,Description of event number 348,2026-08-21 09:00:00,2026-08-21 13:00:00,0,Tunis,108,39,65,47,299,4,8,9,1
349,Event Title 349,Description of event number 349,2026-06-17 20:00:00,2026-06-17 23:00:00,1,Sousse,142,6,65,28,210,2,6,20,1
350,Event Title 350,Description of event number 350,2026-08-15 18:00:00,2026-08-15 19:00:00,0,Tunis,160,36,32,43,207,5,8,18,0
351,Event Title 351,Description of event number 351,2026-03-13 19:00:00,2026-03-13 21:00:00,0,Bizerte,182,8,58,43,251,4,3,19,0
352,Event Title 352,Description of event number 352,2026-07-09 08:00:00,2026-07-09 12:00:00,1,Sousse,38,26,28,16,107,3,7,8,2
353,Event Title 353,Description of event number 353,2026-06-03 15:00:00,2026-06-03 16:00:00,0,Tunis,61,27,18,37,160,2,6,15,0
354,Event Title 354,Description of event number 354,2026-08-08 17:00:00,2026-08-08 21:00:00,1,Tunis,138,44,72,43,196,5,8,17,1
355,Event Title 355,Description of event number 355,2026-11-21 08:00:00,2026-11-21 11:00:00,0,Sousse,57,36,49,16,80,5,11,8,2
356,Event Title 356,Description of event number 356,2026-07-10 20:00:00,2026-07-10 22:00:00,0,Sousse,66,41,15,13,189,4,7,20,0
357,Event Title 357,Description of event number 357,2026-03-19 20:00:00,2026-03-19 22:00:00,0,Online,129,15,67,24,141,3,3,20,1
358,Event Title 358,Description of event number 358,2026-07-11 18:00:00,2026-07-11 22:00:00,0,Sousse,80,15,20,35,147,5,7,18,0
359,Event Title 359,Description of event number 359,2026-04-23 15:00:00,2026-04-23 16:00:00,0,Sousse,139,44,48,39,227,3,4,15,0
360,Event Title 360,Description of event number 360,2026-03-05 13:00:00,2026-03-05 16:00:00,0,Tunis,136,4,123,34,100,3,3,13,2
361,Event Title 361,Description of event number 361,2026-07-12 11:00:00,2026-07-12 13:00:00,0,Bizerte,77,42,15,22,103,6,7,11,0
362,Event Title 362,Description of event number 362,2026-09-24 16:00:00,2026-09-24 19:00:00,0,Online,124,26,122,10,158,3,9,16,2
363,Event Title 363,Description of event number 363,2026-05-03 08:00:00,2026-05-03 12:00:00,0,Tunis,127,38,97,39,88,6,5,8,2
364,Event Title 364,Description of event number 364,2026-12-04 08:00:00,2026-12-04 12:00:00,0,Bizerte,75,49,30,45,181,4,12,8,1
365,Event Title 365,Description of event number 365,2026-09-27 15:00:00,2026-09-27 19:00:00,1,Bizerte,43,8,12,27,150,6,9,15,0
366,Event Title 366,Description of event number 366,2026-09-16 19:00:00,2026-09-16 22:00:00,1,Tunis,142,4,96,31,297,2,9,19,1
367,Event Title 367,Description of event number 367,2026-02-27 20:00:00,2026-02-27 21:00:00,1,Tunis,43,12,10,15,88,4,2,20,0
368,Event Title 368,Description of event number 368,2026-12-19 09:00:00,2026-12-19 13:00:00,1,Bizerte,115,40,81,12,213,5,12,9,2
369,Event Title 369,Description of event number 369,2026-03-16 16:00:00,2026-03-16 17:00:00,1,Tunis,77,2,64,26,198,0,3,16,2
370,Event Title 370,Description of event number 370,2026-04-16 09:00:00,2026-04-16 12:00:00,0,Bizerte,150,34,73,12,167,3,4,9,1
371,Event Title 371,Description of event number 371,2026-10-03 14:00:00,2026-10-03 18:00:00,0,Tunis,200,28,98,36,222,5,10,14,1
372,Event Title 372,Description of event number 372,2026-02-26 14:00:00,2026-02-26 18:00:00,0,Online,76,8,46,22,90,3,2,14,1
373,Event Title 373,Description of event number 373,2026-06-13 16:00:00,2026-06-13 18:00:00,0,Bizerte,97,9,66,19,98,5,6,16,1
374,Event Title 374,Description of event number 374,2026-10-04 14:00:00,2026-10-04 15:00:00,0,Tunis,41,41,9,10,88,6,10,14,0
375,Event Title 375,Description of event number 375,2026-01-23 12:00:00,2026-01-23 14:00:00,0,Sfax,163,2,112,44,300,4,1,12,1
376,Event Title 376,Description of event number 376,2026-08-15 19:00:00,2026-08-15 20:00:00,0,Tunis,88,38,48,33,75,5,8,19,1
377,Event Title 377,Description of event number 377,2026-08-04 14:00:00,2026-08-04 16:00:00,0,Online,182,14,149,27,91,1,8,14,2
378,Event Title 378,Description of event number 378,2026-11-24 13:00:00,2026-11-24 15:00:00,0,Tunis,194,3,176,50,273,1,11,13,2
379,Event Title 379,Description of event number 379,2026-06-07 10:00:00,2026-06-07 14:00:00,0,Sousse,173,12,158,26,242,6,6,10,2
380,Event Title 380,Description of event number 380,2026-10-13 20:00:00,2026-10-13 23:00:00,0,Online,39,2,4,17,207,1,10,20,0
381,Event Title 381,Description of event number 381,2026-10-06 19:00:00,2026-10-06 21:00:00,1,Online,155,31,31,24,269,1,10,19,0
382,Event Title 382,Description of event number 382,2026-03-16 08:00:00,2026-03-16 11:00:00,1,Bizerte,97,48,96,18,93,0,3,8,2
383,Event Title 383,Description of event number 383,2026-04-23 18:00:00,2026-04-23 19:00:00,1,Sousse,200,18,45,26,160,3,4,18,0
384,Event Title 384,Description of event number 384,2026-10-16 15:00:00,2026-10-16 18:00:00,1,Online,184,28,43,43,286,4,10,15,0
385,Event Title 385,Description of event number 385,2026-02-08 13:00:00,2026-02-08 14:00:00,0,Bizerte,102,32,66,49,101,6,2,13,1
386,Event Title 386,Description of event number 386,2026-10-17 11:00:00,2026-10-17 12:00:00,1,Bizerte,138,8,52,13,172,5,10,11,0
387,Event Title 387,Description of event number 387,2026-02-05 17:00:00,2026-02-05 21:00:00,0,Bizerte,106,3,90,49,236,3,2,17,2
388,Event Title 388,Description of event number 388,2026-06-22 10:00:00,2026-06-22 13:00:00,0,Sousse,66,39,24,48,297,0,6,10,0
389,Event Title 389,Description of event number 389,2026-03-02 10:00:00,2026-03-02 11:00:00,0,Bizerte,145,24,88,42,297,0,3,10,1
390,Event Title 390,Description of event number 390,2026-12-21 18:00:00,2026-12-21 21:00:00,1,Sousse,159,11,84,10,240,0,12,18,1
391,Event Title 391,Description of event number 391,2026-10-06 19:00:00,2026-10-06 21:00:00,1,Bizerte,36,14,12,27,262,1,10,19,0
392,Event Title 392,Description of event number 392,2026-06-24 17:00:00,2026-06-24 18:00:00,1,Tunis,158,1,99,29,275,2,6,17,1
393,Event Title 393,Description of event number 393,2026-09-12 16:00:00,2026-09-12 17:00:00,1,Sfax,72,7,23,25,79,5,9,16,0
394,Event Title 394,Description of event number 394,2026-01-28 19:00:00,2026-01-28 20:00:00,0,Sfax,61,8,56,18,221,2,1,19,2
395,Event Title 395,Description of event number 395,2026-11-27 19:00:00,2026-11-27 22:00:00,1,Bizerte,180,5,132,37,288,4,11,19,2
396,Event Title 396,Description of event number 396,2026-01-10 09:00:00,2026-01-10 10:00:00,1,Sfax,192,40,51,49,60,5,1,9,0
397,Event Title 397,Description of event number 397,2026-01-06 19:00:00,2026-01-06 23:00:00,1,Sfax,165,37,83,41,145,1,1,19,1
398,Event Title 398,Description of event number 398,2026-10-10 14:00:00,2026-10-10 17:00:00,0,Tunis,46,3,44,41,56,5,10,14,2
399,Event Title 399,Description of event number 399,2026-06-15 11:00:00,2026-06-15 13:00:00,1,Bizerte,23,26,15,27,213,0,6,11,1
400,Event Title 400,Description of event number 400,2026-12-22 11:00:00,2026-12-22 13:00:00,0,Sousse,21,14,18,49,226,1,12,11,2
401,Event Title 401,Description of event number 401,2026-10-06 13:00:00,2026-10-06 14:00:00,0,Online,41,5,14,19,268,1,10,13,0
402,Event Title 402,Description of event number 402,2026-02-08 14:00:00,2026-02-08 16:00:00,0,Bizerte,128,40,107,34,126,6,2,14,2
403,Event Title 403,Description of event number 403,2026-01-27 13:00:00,2026-01-27 15:00:00,0,Tunis,198,30,179,40,215,1,1,13,2
404,Event Title 404,Description of event number 404,2026-09-13 13:00:00,2026-09-13 16:00:00,0,Sfax,169,3,157,42,78,6,9,13,2
405,Event Title 405,Description of event number 405,2026-08-08 13:00:00,2026-08-08 15:00:00,0,Online,27,21,17,19,60,5,8,13,1
406,Event Title 406,Description of event number 406,2026-02-14 15:00:00,2026-02-14 18:00:00,0,Sfax,168,39,93,44,243,5,2,15,1
407,Event Title 407,Description of event number 407,2026-02-04 12:00:00,2026-02-04 13:00:00,1,Sousse,66,3,54,23,268,2,2,12,2
408,Event Title 408,Description of event number 408,2026-12-25 08:00:00,2026-12-25 11:00:00,1,Online,185,18,160,21,118,4,12,8,2
409,Event Title 409,Description of event number 409,2026-11-12 14:00:00,2026-11-12 18:00:00,0,Sfax,110,39,81,25,203,3,11,14,2
410,Event Title 410,Description of event number 410,2026-09-14 20:00:00,2026-09-14 21:00:00,0,Sfax,62,38,58,33,127,0,9,20,2
411,Event Title 411,Description of event number 411,2026-11-09 14:00:00,2026-11-09 17:00:00,1,Sousse,172,41,109,38,159,0,11,14,1
412,Event Title 412,Description of event number 412,2026-04-15 17:00:00,2026-04-15 19:00:00,1,Sousse,119,2,67,37,128,2,4,17,1
413,Event Title 413,Description of event number 413,2026-05-15 19:00:00,2026-05-15 20:00:00,0,Tunis,88,47,45,11,190,4,5,19,1
414,Event Title 414,Description of event number 414,2026-09-11 16:00:00,2026-09-11 17:00:00,1,Sfax,119,7,66,18,55,4,9,16,1
415,Event Title 415,Description of event number 415,2026-07-12 09:00:00,2026-07-12 11:00:00,0,Bizerte,27,24,5,36,164,6,7,9,0
416,Event Title 416,Description of event number 416,2026-02-18 09:00:00,2026-02-18 12:00:00,1,Online,160,42,101,36,298,2,2,9,1
417,Event Title 417,Description of event number 417,2026-09-20 12:00:00,2026-09-20 16:00:00,0,Bizerte,84,21,77,25,253,6,9,12,2
418,Event Title 418,Description of event number 418,2026-06-23 11:00:00,2026-06-23 13:00:00,1,Sfax,41,42,12,34,76,1,6,11,0
419,Event Title 419,Description of event number 419,2026-06-27 17:00:00,2026-06-27 21:00:00,1,Sfax,44,35,29,14,234,5,6,17,1
420,Event Title 420,Description of event number 420,2026-10-05 15:00:00,2026-10-05 19:00:00,1,Tunis,90,43,35,29,95,0,10,15,0
421,Event Title 421,Description of event number 421,2026-01-20 11:00:00,2026-01-20 14:00:00,0,Sousse,61,4,57,49,158,1,1,11,2
422,Event Title 422,Description of event number 422,2026-03-23 18:00:00,2026-03-23 19:00:00,1,Bizerte,99,21,45,10,112,0,3,18,1
423,Event Title 423,Description of event number 423,2026-11-23 12:00:00,2026-11-23 13:00:00,0,Sfax,131,35,75,41,77,0,11,12,1
424,Event Title 424,Description of event number 424,2026-09-22 17:00:00,2026-09-22 18:00:00,1,Tunis,94,50,55,19,253,1,9,17,1
425,Event Title 425,Description of event number 425,2026-06-22 08:00:00,2026-06-22 11:00:00,1,Tunis,53,1,16,24,143,0,6,8,0
426,Event Title 426,Description of event number 426,2026-05-25 12:00:00,2026-05-25 15:00:00,0,Bizerte,126,12,45,45,210,0,5,12,0
427,Event Title 427,Description of event number 427,2026-05-07 12:00:00,2026-05-07 16:00:00,1,Sfax,93,28,51,10,198,3,5,12,1
428,Event Title 428,Description of event number 428,2026-04-04 10:00:00,2026-04-04 11:00:00,1,Sousse,81,37,35,29,257,5,4,10,1
429,Event Title 429,Description of event number 429,2026-03-04 13:00:00,2026-03-04 15:00:00,0,Tunis,168,35,89,15,274,2,3,13,1
430,Event Title 430,Description of event number 430,2026-10-12 09:00:00,2026-10-12 13:00:00,0,Tunis,56,40,23,43,162,0,10,9,1
431,Event Title 431,Description of event number 431,2026-07-23 18:00:00,2026-07-23 21:00:00,1,Sousse,152,9,92,41,275,3,7,18,1
432,Event Title 432,Description of event number 432,2026-03-03 10:00:00,2026-03-03 12:00:00,1,Sfax,106,9,46,24,54,1,3,10,1
433,Event Title 433,Description of event number 433,2026-04-28 17:00:00,2026-04-28 19:00:00,0,Sousse,159,42,63,22,127,1,4,17,0
434,Event Title 434,Description of event number 434,2026-06-26 15:00:00,2026-06-26 18:00:00,0,Online,125,18,63,44,97,4,6,15,1
435,Event Title 435,Description of event number 435,2026-05-09 13:00:00,2026-05-09 17:00:00,1,Sousse,146,29,72,29,103,5,5,13,1
436,Event Title 436,Description of event number 436,2026-05-05 15:00:00,2026-05-05 18:00:00,1,Sousse,116,43,24,43,52,1,5,15,0
437,Event Title 437,Description of event number 437,2026-01-11 10:00:00,2026-01-11 13:00:00,1,Bizerte,181,14,81,17,98,6,1,10,1
438,Event Title 438,Description of event number 438,2026-05-14 15:00:00,2026-05-14 16:00:00,1,Bizerte,146,4,99,15,164,3,5,15,1
439,Event Title 439,Description of event number 439,2026-09-10 10:00:00,2026-09-10 14:00:00,0,Bizerte,29,37,29,36,118,3,9,10,2
440,Event Title 440,Description of event number 440,2026-07-01 16:00:00,2026-07-01 18:00:00,1,Online,93,9,25,40,196,2,7,16,0
441,Event Title 441,Description of event number 441,2026-03-14 12:00:00,2026-03-14 16:00:00,1,Online,124,34,43,21,133,5,3,12,0
442,Event Title 442,Description of event number 442,2026-02-19 10:00:00,2026-02-19 13:00:00,0,Online,75,39,18,15,67,3,2,10,0
443,Event Title 443,Description of event number 443,2026-02-05 15:00:00,2026-02-05 19:00:00,0,Online,148,46,104,12,292,3,2,15,2
444,Event Title 444,Description of event number 444,2026-12-19 11:00:00,2026-12-19 13:00:00,1,Sfax,62,47,17,20,242,5,12,11,0
445,Event Title 445,Description of event number 445,2026-08-16 12:00:00,2026-08-16 14:00:00,0,Sousse,109,42,77,50,153,6,8,12,2
446,Event Title 446,Description of event number 446,2026-04-28 11:00:00,2026-04-28 12:00:00,0,Tunis,28,15,1,12,147,1,4,11,0
447,Event Title 447,Description of event number 447,2026-10-06 12:00:00,2026-10-06 14:00:00,1,Bizerte,20,39,15,15,60,1,10,12,2
448,Event Title 448,Description of event number 448,2026-03-01 17:00:00,2026-03-01 18:00:00,1,Online,48,15,21,39,196,6,3,17,1
449,Event Title 449,Description of event number 449,2026-05-17 18:00:00,2026-05-17 22:00:00,0,Sfax,160,17,124,43,229,6,5,18,2
450,Event Title 450,Description of event number 450,2026-09-03 17:00:00,2026-09-03 20:00:00,1,Online,200,21,155,50,262,3,9,17,2
451,Event Title 451,Description of event number 451,2026-11-18 10:00:00,2026-11-18 12:00:00,0,Tunis,188,28,184,14,190,2,11,10,2
452,Event Title 452,Description of event number 452,2026-08-17 20:00:00,2026-08-17 22:00:00,0,Bizerte,156,38,91,29,113,0,8,20,1
453,Event Title 453,Description of event number 453,2026-08-02 15:00:00,2026-08-02 16:00:00,0,Sousse,76,41,50,47,67,6,8,15,1
454,Event Title 454,Description of event number 454,2026-05-25 20:00:00,2026-05-25 23:00:00,1,Bizerte,51,39,32,31,225,0,5,20,1
455,Event Title 455,Description of event number 455,2026-05-08 17:00:00,2026-05-08 19:00:00,0,Sfax,160,17,124,22,180,4,5,17,2
456,Event Title 456,Description of event number 456,2026-09-04 11:00:00,2026-09-04 14:00:00,0,Sousse,58,25,50,19,145,4,9,11,2
457,Event Title 457,Description of event number 457,2026-11-18 08:00:00,2026-11-18 11:00:00,0,Sousse,61,9,57,38,119,2,11,8,2
458,Event Title 458,Description of event number 458,2026-10-13 18:00:00,2026-10-13 20:00:00,0,Sfax,54,2,33,11,256,1,10,18,1
459,Event Title 459,Description of event number 459,2026-08-12 09:00:00,2026-08-12 10:00:00,1,Sousse,100,7,38,19,109,2,8,9,0
460,Event Title 460,Description of event number 460,2026-10-13 11:00:00,2026-10-13 12:00:00,1,Bizerte,64,42,64,11,164,1,10,11,2
461,Event Title 461,Description of event number 461,2026-12-21 19:00:00,2026-12-21 21:00:00,0,Sfax,133,18,71,50,212,0,12,19,1
462,Event Title 462,Description of event number 462,2026-10-20 09:00:00,2026-10-20 12:00:00,0,Tunis,62,21,57,38,201,1,10,9,2
463,Event Title 463,Description of event number 463,2026-01-12 14:00:00,2026-01-12 18:00:00,0,Sfax,95,1,80,49,204,0,1,14,2
464,Event Title 464,Description of event number 464,2026-02-14 10:00:00,2026-02-14 11:00:00,0,Sousse,30,26,27,33,61,5,2,10,2
465,Event Title 465,Description of event number 465,2026-08-04 15:00:00,2026-08-04 17:00:00,1,Online,43,38,33,21,274,1,8,15,2
466,Event Title 466,Description of event number 466,2026-11-02 18:00:00,2026-11-02 19:00:00,0,Sfax,140,31,103,33,98,0,11,18,2
467,Event Title 467,Description of event number 467,2026-10-09 12:00:00,2026-10-09 13:00:00,1,Sfax,198,47,95,32,204,4,10,12,1
468,Event Title 468,Description of event number 468,2026-11-03 15:00:00,2026-11-03 18:00:00,1,Bizerte,109,44,51,46,94,1,11,15,1
469,Event Title 469,Description of event number 469,2026-10-05 11:00:00,2026-10-05 15:00:00,0,Sfax,45,20,31,34,296,0,10,11,1
470,Event Title 470,Description of event number 470,2026-07-04 20:00:00,2026-07-04 21:00:00,0,Online,124,42,38,48,100,5,7,20,0
471,Event Title 471,Description of event number 471,2026-06-23 19:00:00,2026-06-23 21:00:00,1,Sousse,139,2,117,38,154,1,6,19,2
472,Event Title 472,Description of event number 472,2026-12-12 09:00:00,2026-12-12 12:00:00,1,Bizerte,37,42,7,14,83,5,12,9,0
473,Event Title 473,Description of event number 473,2026-10-28 14:00:00,2026-10-28 16:00:00,0,Tunis,23,3,22,46,132,2,10,14,2
474,Event Title 474,Description of event number 474,2026-01-05 12:00:00,2026-01-05 13:00:00,1,Bizerte,68,28,25,31,136,0,1,12,0
475,Event Title 475,Description of event number 475,2026-02-18 15:00:00,2026-02-18 19:00:00,0,Online,73,45,71,11,88,2,2,15,2
476,Event Title 476,Description of event number 476,2026-05-10 10:00:00,2026-05-10 13:00:00,0,Sousse,28,50,23,24,124,6,5,10,2
477,Event Title 477,Description of event number 477,2026-08-17 09:00:00,2026-08-17 12:00:00,0,Sousse,63,15,43,34,191,0,8,9,1
478,Event Title 478,Description of event number 478,2026-10-10 12:00:00,2026-10-10 16:00:00,0,Online,157,47,138,26,239,5,10,12,2
479,Event Title 479,Description of event number 479,2026-06-11 08:00:00,2026-06-11 12:00:00,0,Tunis,174,26,49,29,141,3,6,8,0
480,Event Title 480,Description of event number 480,2026-08-23 10:00:00,2026-08-23 13:00:00,0,Bizerte,116,13,23,45,255,6,8,10,0
481,Event Title 481,Description of event number 481,2026-09-07 20:00:00,2026-09-07 21:00:00,1,Sousse,63,48,32,39,292,0,9,20,1
482,Event Title 482,Description of event number 482,2026-01-16 14:00:00,2026-01-16 15:00:00,1,Online,130,16,101,10,96,4,1,14,2
483,Event Title 483,Description of event number 483,2026-07-14 13:00:00,2026-07-14 14:00:00,1,Sousse,30,7,27,47,157,1,7,13,2
484,Event Title 484,Description of event number 484,2026-02-12 19:00:00,2026-02-12 20:00:00,1,Online,110,20,37,20,247,3,2,19,0
485,Event Title 485,Description of event number 485,2026-08-26 19:00:00,2026-08-26 23:00:00,0,Online,44,3,39,31,257,2,8,19,2
486,Event Title 486,Description of event number 486,2026-08-06 13:00:00,2026-08-06 14:00:00,1,Tunis,79,11,60,29,236,3,8,13,2
487,Event Title 487,Description of event number 487,2026-10-11 14:00:00,2026-10-11 18:00:00,0,Online,146,49,70,35,221,6,10,14,1
488,Event Title 488,Description of event number 488,2026-03-10 16:00:00,2026-03-10 18:00:00,0,Sfax,64,4,27,50,207,1,3,16,1
489,Event Title 489,Description of event number 489,2026-03-19 10:00:00,2026-03-19 12:00:00,0,Sousse,81,13,17,16,124,3,3,10,0
490,Event Title 490,Description of event number 490,2026-02-13 08:00:00,2026-02-13 10:00:00,0,Sousse,117,40,40,31,292,4,2,8,0
491,Event Title 491,Description of event number 491,2026-01-22 11:00:00,2026-01-22 14:00:00,0,Tunis,117,1,112,38,93,3,1,11,2
492,Event Title 492,Description of event number 492,2026-07-14 11:00:00,2026-07-14 15:00:00,1,Online,192,2,74,35,293,1,7,11,0
493,Event Title 493,Description of event number 493,2026-07-11 19:00:00,2026-07-11 22:00:00,1,Sfax,142,41,116,47,228,5,7,19,2
494,Event Title 494,Description of event number 494,2026-06-18 09:00:00,2026-06-18 13:00:00,1,Tunis,83,28,78,41,130,3,6,9,2
495,Event Title 495,Description of event number 495,2026-08-14 10:00:00,2026-08-14 11:00:00,0,Sfax,113,37,32,13,235,4,8,10,0
496,Event Title 496,Description of event number 496,2026-07-28 10:00:00,2026-07-28 14:00:00,0,Bizerte,22,26,17,23,262,1,7,10,2
497,Event Title 497,Description of event number 497,2026-12-01 17:00:00,2026-12-01 20:00:00,0,Online,132,41,123,49,164,1,12,17,2
498,Event Title 498,Description of event number 498,2026-04-17 16:00:00,2026-04-17 20:00:00,0,Bizerte,107,7,67,21,276,4,4,16,1
499,Event Title 499,Description of event number 499,2026-01-12 16:00:00,2026-01-12 20:00:00,0,Sfax,157,13,68,31,171,0,1,16,1
500,Event Title 500,Description of event number 500,2026-06-28 15:00:00,2026-06-28 19:00:00,0,Sfax,154,18,143,30,207,6,6,15,2
